School Name, Race Name
Beacon Hill MS, DIV 4 CHAMPIONSHIP RACE
Beacon Hill MS, DIV 4 CHAMPIONSHIP RACE
Beacon Hill MS, DIV 4 CHAMPIONSHIP RACE
Beacon Hill MS, DIV 4 CHAMPIONSHIP RACE
Beacon Hill MS, DIV 4 CHAMPIONSHIP RACE
Beacon Hill MS, DIV 4 CHAMPIONSHIP RACE
Beacon Hill MS, DIV 4 CHAMPIONSHIP RACE
Beacon Hill MS, DIV 4 CHAMPIONSHIP RACE
Beacon Hill MS, DIV 4 CHAMPIONSHIP RACE
Beacon Hill MS, DIV 4 CHAMPIONSHIP RACE
Beacon Hill MS, DIV 4 CHAMPIONSHIP RACE
Beacon Hill MS, DIV 4 CHAMPIONSHIP RACE
Beacon Hill MS, DIV 4 CHAMPIONSHIP RACE
Beacon Hill MS, DIV 4 CHAMPIONSHIP RACE
Beacon Hill MS, DIV 4 CHAMPIONSHIP RACE
Beacon Hill MS, DIV 4 CHAMPIONSHIP RACE
Beacon Hill MS, DIV 4 CHAMPIONSHIP RACE
Beacon Hill MS, DIV 4 CHAMPIONSHIP RACE
Beacon Hill MS, DIV 4 CHAMPIONSHIP RACE
Beacon Hill MS, DIV 4 CHAMPIONSHIP RACE
Beacon Hill MS, DIV 4 CHAMPIONSHIP RACE
Beacon Hill MS, DIV 4 CHAMPIONSHIP RACE
Beacon Hill MS, DIV 4 CHAMPIONSHIP RACE
Beacon Hill MS, DIV 4 CHAMPIONSHIP RACE
Beacon Hill MS, DIV 4 CHAMPIONSHIP RACE
Beacon Hill MS, DIV 4 CHAMPIONSHIP RACE
Beacon Hill MS, DIV 4 CHAMPIONSHIP RACE
Beacon Hill MS, DIV 4 CHAMPIONSHIP RACE
Beacon Hill MS, DIV 4 CHAMPIONSHIP RACE
Beacon Hill MS, DIV 4 CHAMPIONSHIP RACE
Beacon Hill MS, DIV 4 CHAMPIONSHIP RACE
Trickum Midd, DIV 4 CHAMPIONSHIP RACE
Trickum Midd, DIV 4 CHAMPIONSHIP RACE
Trickum Midd, DIV 4 CHAMPIONSHIP RACE
Alpha Crush, CLUB CHAMPIONSHIPS RACE
Alpha Crush, CLUB CHAMPIONSHIPS RACE
Alpha Crush, CLUB CHAMPIONSHIPS RACE
Alpha Crush, CLUB CHAMPIONSHIPS RACE
Alpha Crush, CLUB CHAMPIONSHIPS RACE
Alpha Crush, CLUB CHAMPIONSHIPS RACE
Alpha Crush, CLUB CHAMPIONSHIPS RACE
Alpha Crush, CLUB CHAMPIONSHIPS RACE
Alpha Crush, CLUB CHAMPIONSHIPS RACE
Alpha Crush, CLUB CHAMPIONSHIPS RACE
Alpha Crush, CLUB CHAMPIONSHIPS RACE
Alpha Crush, CLUB CHAMPIONSHIPS RACE
Alpha Crush, CLUB CHAMPIONSHIPS RACE
Alpha Crush, CLUB CHAMPIONSHIPS RACE
Alpha Crush, CLUB CHAMPIONSHIPS RACE
Alpha Crush, CLUB CHAMPIONSHIPS RACE
Alpha Crush, CLUB CHAMPIONSHIPS RACE
Alpha Crush, CLUB CHAMPIONSHIPS RACE
Alpha Crush, CLUB CHAMPIONSHIPS RACE
Alpha Crush, CLUB CHAMPIONSHIPS RACE
Alpha Crush, CLUB CHAMPIONSHIPS RACE
Alpha Crush, CLUB CHAMPIONSHIPS RACE
Alpha Crush, CLUB CHAMPIONSHIPS RACE
Alpha Crush, CLUB CHAMPIONSHIPS RACE
Alpha Crush, CLUB CHAMPIONSHIPS RACE
Alpha Crush, CLUB CHAMPIONSHIPS RACE
Alpha Crush, CLUB CHAMPIONSHIPS RACE
Alpha Crush, CLUB CHAMPIONSHIPS RACE
Alpha Crush, CLUB CHAMPIONSHIPS RACE
Alpha Crush, CLUB CHAMPIONSHIPS RACE
Alpha Crush, CLUB CHAMPIONSHIPS RACE
Alpha Crush, CLUB CHAMPIONSHIPS RACE
Alpha Crush, CLUB CHAMPIONSHIPS RACE
Alpha Crush, CLUB CHAMPIONSHIPS RACE
Alpha Crush, CLUB CHAMPIONSHIPS RACE
Alpha Crush, CLUB CHAMPIONSHIPS RACE
